symbol,side,entry_time,entry,sl,tp,exit_time,exit,outcome,points,h4_fvg_created_at,h4_low,h4_high,m15_fvg_created_at,m15_low,m15_high,trigger_time
AUDCAD,long,2025-02-19 07:45:00+00:00,0.90245,0.90198,0.90345,2025-02-19 11:00:00+00:00,0.90198,sl,-46.99999999999704,2025-02-19 04:00:00+00:00,0.90169,0.90173,2025-02-19 05:00:00+00:00,0.90198,0.90213,2025-02-19 07:30:00+00:00
AUDCAD,long,2025-02-26 10:45:00+00:00,0.90654,0.90622,0.90754,2025-02-26 10:45:00+00:00,0.90622,sl,-31.999999999998693,2025-02-25 20:00:00+00:00,0.90557,0.90643,2025-02-26 06:30:00+00:00,0.90622,0.90635,2025-02-26 10:30:00+00:00
AUDCAD,short,2025-03-19 15:00:00+00:00,0.90673,0.90691,0.90573,2025-03-19 15:00:00+00:00,0.90691,sl,-17.999999999995797,2025-03-19 08:00:00+00:00,0.90764,0.90929,2025-03-19 13:15:00+00:00,0.90675,0.90691,2025-03-19 14:45:00+00:00
AUDCAD,short,2025-03-20 09:15:00+00:00,0.90559,0.90616,0.90459,2025-03-20 09:30:00+00:00,0.90459,tp,100.00000000000009,2025-03-20 08:00:00+00:00,0.90688,0.90692,2025-03-20 08:30:00+00:00,0.90595,0.90616,2025-03-20 09:00:00+00:00
AUDCAD,long,2025-03-24 05:30:00+00:00,0.90054,0.90027,0.90154,2025-03-24 06:15:00+00:00,0.90154,tp,100.00000000000009,2025-03-24 00:00:00+00:00,0.90022,0.90028,2025-03-24 04:45:00+00:00,0.90027,0.90041,2025-03-24 05:15:00+00:00
AUDCAD,short,2025-03-25 08:15:00+00:00,0.89986,0.90039,0.89886,2025-03-25 08:45:00+00:00,0.90039,sl,-53.00000000000304,2025-03-24 16:00:00+00:00,0.89989,0.90132,2025-03-25 07:30:00+00:00,0.90014,0.90039,2025-03-25 08:00:00+00:00
AUDCAD,short,2025-03-26 20:00:00+00:00,0.89832,0.89871,0.89732,2025-03-26 20:15:00+00:00,0.89871,sl,-39.00000000000014,2025-03-26 16:00:00+00:00,0.89964,0.89994,2025-03-26 18:30:00+00:00,0.89861,0.89871,2025-03-26 19:45:00+00:00
AUDCAD,long,2025-03-27 21:15:00+00:00,0.90174,0.90113,0.90274,2025-03-27 21:30:00+00:00,0.90113,sl,-60.999999999999936,2025-03-27 08:00:00+00:00,0.90037,0.90063,2025-03-27 11:00:00+00:00,0.90113,0.90132,2025-03-27 21:00:00+00:00
AUDCAD,long,2025-04-01 15:15:00+00:00,0.89892,0.89855,0.89992,2025-04-01 15:15:00+00:00,0.89855,sl,-37.000000000009244,2025-03-31 20:00:00+00:00,0.89725,0.89744,2025-04-01 02:15:00+00:00,0.89855,0.89862,2025-04-01 15:00:00+00:00
AUDCAD,short,2025-04-03 14:45:00+00:00,0.8957,0.89668,0.8947,2025-04-03 14:45:00+00:00,0.8947,tp,100.00000000000009,2025-04-03 00:00:00+00:00,0.89538,0.90095,2025-04-03 10:45:00+00:00,0.89619,0.89668,2025-04-03 14:30:00+00:00
AUDCAD,short,2025-04-08 03:30:00+00:00,0.85384,0.85423,0.85284,2025-04-08 03:45:00+00:00,0.85423,sl,-39.00000000000014,2025-04-07 16:00:00+00:00,0.85189,0.85387,2025-04-08 00:45:00+00:00,0.85419,0.85423,2025-04-08 03:15:00+00:00
AUDCAD,long,2025-04-11 06:30:00+00:00,0.86619,0.86543,0.86719,2025-04-11 06:30:00+00:00,0.86543,sl,-75.99999999999828,2025-04-09 20:00:00+00:00,0.85657,0.86369,2025-04-11 05:30:00+00:00,0.86543,0.86557,2025-04-11 06:15:00+00:00
AUDCAD,long,2025-04-16 14:45:00+00:00,0.88549,0.88481,0.88649,2025-04-16 15:45:00+00:00,0.88649,tp,100.00000000000009,2025-04-15 16:00:00+00:00,0.88277,0.88587,2025-04-16 02:00:00+00:00,0.88481,0.88501,2025-04-16 14:30:00+00:00
AUDCAD,long,2025-04-17 02:30:00+00:00,0.88242,0.88207,0.88342,2025-04-17 02:45:00+00:00,0.88207,sl,-34.99999999999614,2025-04-15 16:00:00+00:00,0.88277,0.88587,2025-04-17 01:45:00+00:00,0.88207,0.88216,2025-04-17 02:15:00+00:00
AUDCAD,long,2025-04-21 07:00:00+00:00,0.88577,0.88532,0.88677,2025-04-21 07:30:00+00:00,0.88677,tp,100.00000000000009,2025-04-21 04:00:00+00:00,0.88353,0.88476,2025-04-21 05:15:00+00:00,0.88532,0.88553,2025-04-21 06:45:00+00:00
AUDCAD,long,2025-04-23 12:30:00+00:00,0.88642,0.88498,0.88742,2025-04-23 12:30:00+00:00,0.88742,tp,100.00000000000009,2025-04-23 04:00:00+00:00,0.88288,0.88404,2025-04-23 06:15:00+00:00,0.88498,0.88585,2025-04-23 12:15:00+00:00
AUDCAD,short,2025-04-29 18:15:00+00:00,0.88404,0.88441,0.88304,2025-04-29 19:45:00+00:00,0.88304,tp,100.00000000000009,2025-04-29 16:00:00+00:00,0.88526,0.88592,2025-04-29 17:30:00+00:00,0.88434,0.88441,2025-04-29 18:00:00+00:00
AUDCAD,long,2025-04-30 10:30:00+00:00,0.88436,0.88428,0.88536,2025-04-30 10:30:00+00:00,0.88428,sl,-8.000000000008,2025-04-30 04:00:00+00:00,0.88335,0.88395,2025-04-30 08:45:00+00:00,0.88428,0.88429,2025-04-30 10:15:00+00:00
AUDCAD,long,2025-05-01 23:45:00+00:00,0.88411,0.88391,0.88511,2025-05-01 23:45:00+00:00,0.88415,sl,4.000000000004,2025-04-30 04:00:00+00:00,0.88335,0.88395,2025-05-01 02:15:00+00:00,0.88391,0.88395,2025-05-01 23:30:00+00:00
AUDCAD,long,2025-05-02 14:15:00+00:00,0.89061,0.88963,0.89161,2025-05-02 15:15:00+00:00,0.88963,sl,-97.99999999999808,2025-05-02 12:00:00+00:00,0.88679,0.88719,2025-05-02 12:45:00+00:00,0.88963,0.89021,2025-05-02 14:00:00+00:00
AUDCAD,short,2025-05-07 21:00:00+00:00,0.88825,0.88969,0.88725,2025-05-07 23:45:00+00:00,0.88955,sl,-129.9999999999968,2025-05-07 16:00:00+00:00,0.89155,0.89195,2025-05-07 19:15:00+00:00,0.88893,0.88969,2025-05-07 20:45:00+00:00
AUDCAD,short,2025-05-08 16:00:00+00:00,0.89235,0.89255,0.89135,2025-05-08 17:30:00+00:00,0.89135,tp,100.00000000000009,2025-05-07 16:00:00+00:00,0.89155,0.89195,2025-05-08 04:15:00+00:00,0.89237,0.89255,2025-05-08 15:45:00+00:00
AUDCAD,short,2025-05-09 12:30:00+00:00,0.89088,0.89148,0.88988,2025-05-09 12:30:00+00:00,0.89148,sl,-60.00000000000449,2025-05-07 16:00:00+00:00,0.89155,0.89195,2025-05-09 05:15:00+00:00,0.89128,0.89148,2025-05-09 12:15:00+00:00
AUDCAD,long,2025-05-19 23:15:00+00:00,0.90087,0.90052,0.90187,2025-05-19 23:45:00+00:00,0.90074,sl,-12.999999999996346,2025-05-19 16:00:00+00:00,0.8997,0.89978,2025-05-19 20:00:00+00:00,0.90052,0.90072,2025-05-19 23:00:00+00:00
AUDCAD,short,2025-05-20 16:45:00+00:00,0.89368,0.89376,0.89268,2025-05-20 16:45:00+00:00,0.89376,sl,-7.999999999996898,2025-05-20 12:00:00+00:00,0.89435,0.89445,2025-05-20 12:15:00+00:00,0.89371,0.89376,2025-05-20 16:30:00+00:00
AUDCAD,short,2025-05-21 22:00:00+00:00,0.89118,0.89153,0.89018,2025-05-21 22:00:00+00:00,0.89153,sl,-35.00000000000725,2025-05-21 20:00:00+00:00,0.89202,0.89276,2025-05-21 21:00:00+00:00,0.89138,0.89153,2025-05-21 21:45:00+00:00
AUDCAD,short,2025-05-22 14:45:00+00:00,0.89038,0.8908,0.88938,2025-05-22 14:45:00+00:00,0.88938,tp,100.00000000000009,2025-05-22 12:00:00+00:00,0.89133,0.89163,2025-05-22 13:30:00+00:00,0.89057,0.8908,2025-05-22 14:30:00+00:00
AUDCAD,short,2025-05-29 14:45:00+00:00,0.88915,0.88968,0.88815,2025-05-29 14:45:00+00:00,0.88968,sl,-53.00000000000304,2025-05-28 16:00:00+00:00,0.88894,0.88971,2025-05-29 05:15:00+00:00,0.88949,0.88968,2025-05-29 14:30:00+00:00
AUDCAD,short,2025-05-30 05:15:00+00:00,0.88862,0.88891,0.88762,2025-05-30 05:30:00+00:00,0.88891,sl,-29.000000000001243,2025-05-28 16:00:00+00:00,0.88894,0.88971,2025-05-30 01:45:00+00:00,0.88864,0.88891,2025-05-30 05:00:00+00:00
AUDCAD,long,2025-06-09 16:30:00+00:00,0.89185,0.89174,0.89285,2025-06-09 16:30:00+00:00,0.89174,sl,-11.000000000005448,2025-06-09 04:00:00+00:00,0.89019,0.89084,2025-06-09 08:00:00+00:00,0.89174,0.89176,2025-06-09 16:15:00+00:00
AUDCAD,long,2025-06-10 19:00:00+00:00,0.8924,0.89216,0.8934,2025-06-10 19:45:00+00:00,0.89216,sl,-24.000000000001794,2025-06-09 04:00:00+00:00,0.89019,0.89084,2025-06-10 08:45:00+00:00,0.89216,0.89233,2025-06-10 18:45:00+00:00
AUDCAD,long,2025-06-17 08:30:00+00:00,0.88718,0.88682,0.88818,2025-06-17 08:30:00+00:00,0.88682,sl,-35.999999999991594,2025-06-17 04:00:00+00:00,0.8859,0.88595,2025-06-17 06:15:00+00:00,0.88682,0.88683,2025-06-17 08:15:00+00:00
AUDCAD,short,2025-06-20 07:00:00+00:00,0.88752,0.88788,0.88652,2025-06-20 07:00:00+00:00,0.88788,sl,-36.00000000000269,2025-06-19 08:00:00+00:00,0.88784,0.88796,2025-06-20 01:15:00+00:00,0.88778,0.88788,2025-06-20 06:45:00+00:00
AUDCAD,long,2025-06-30 22:45:00+00:00,0.89558,0.89539,0.89658,2025-06-30 22:45:00+00:00,0.89539,sl,-19.00000000000235,2025-06-30 16:00:00+00:00,0.89416,0.89482,2025-06-30 17:00:00+00:00,0.89539,0.89542,2025-06-30 22:30:00+00:00
AUDCAD,long,2025-07-01 04:15:00+00:00,0.89406,0.89346,0.89506,2025-07-01 05:30:00+00:00,0.89506,tp,100.00000000000009,2025-06-30 16:00:00+00:00,0.89416,0.89482,2025-07-01 03:00:00+00:00,0.89346,0.89357,2025-07-01 04:00:00+00:00
AUDCAD,short,2025-07-07 11:45:00+00:00,0.88809,0.88833,0.88709,2025-07-07 12:00:00+00:00,0.88709,tp,100.00000000000009,2025-07-07 04:00:00+00:00,0.88912,0.88975,2025-07-07 09:00:00+00:00,0.88814,0.88833,2025-07-07 11:30:00+00:00
AUDCAD,short,2025-07-14 21:00:00+00:00,0.89655,0.89683,0.89555,2025-07-14 21:00:00+00:00,0.89683,sl,-28.000000000005794,2025-07-14 16:00:00+00:00,0.89737,0.89763,2025-07-14 19:15:00+00:00,0.89678,0.89683,2025-07-14 20:45:00+00:00
AUDCAD,short,2025-07-16 06:00:00+00:00,0.89465,0.89502,0.8936499999999999,2025-07-16 06:00:00+00:00,0.89502,sl,-37.000000000009244,2025-07-15 16:00:00+00:00,0.89421,0.89788,2025-07-16 03:45:00+00:00,0.89487,0.89502,2025-07-16 05:45:00+00:00
AUDCAD,long,2025-07-23 06:45:00+00:00,0.89321,0.89283,0.89421,2025-07-23 08:30:00+00:00,0.89421,tp,100.00000000000009,2025-07-23 04:00:00+00:00,0.89178,0.89229,2025-07-23 04:45:00+00:00,0.89283,0.89287,2025-07-23 06:30:00+00:00
AUDCAD,long,2025-07-24 09:15:00+00:00,0.90027,0.89995,0.90127,2025-07-24 10:30:00+00:00,0.89995,sl,-31.999999999998693,2025-07-24 04:00:00+00:00,0.89805,0.89923,2025-07-24 05:00:00+00:00,0.89995,0.9,2025-07-24 09:00:00+00:00
AUDCAD,long,2025-07-25 14:30:00+00:00,0.89905,0.89872,0.90005,2025-07-25 14:30:00+00:00,0.89872,sl,-33.000000000005244,2025-07-24 04:00:00+00:00,0.89805,0.89923,2025-07-25 04:00:00+00:00,0.89872,0.89878,2025-07-25 14:15:00+00:00
AUDCAD,short,2025-07-28 21:00:00+00:00,0.89535,0.89587,0.89435,2025-07-28 21:00:00+00:00,0.89435,tp,100.00000000000009,2025-07-28 08:00:00+00:00,0.89655,0.89914,2025-07-28 13:30:00+00:00,0.89571,0.89587,2025-07-28 20:45:00+00:00
AUDCAD,short,2025-07-29 08:30:00+00:00,0.89478,0.89611,0.89378,2025-07-29 14:45:00+00:00,0.89611,sl,-132.99999999999423,2025-07-28 08:00:00+00:00,0.89655,0.89914,2025-07-29 06:45:00+00:00,0.895,0.89611,2025-07-29 08:15:00+00:00
AUDCAD,short,2025-08-01 16:30:00+00:00,0.89059,0.8911,0.88959,2025-08-01 17:00:00+00:00,0.88959,tp,100.00000000000009,2025-07-31 16:00:00+00:00,0.89091,0.89109,2025-08-01 01:45:00+00:00,0.89093,0.8911,2025-08-01 16:15:00+00:00
AUDCAD,short,2025-08-05 06:00:00+00:00,0.89058,0.89093,0.88958,2025-08-05 06:15:00+00:00,0.89093,sl,-34.99999999999614,2025-08-04 16:00:00+00:00,0.89084,0.89173,2025-08-05 01:15:00+00:00,0.89084,0.89093,2025-08-05 05:45:00+00:00
AUDCAD,long,2025-08-06 18:30:00+00:00,0.89379,0.89341,0.89479,2025-08-06 20:00:00+00:00,0.89341,sl,-37.99999999999359,2025-08-06 04:00:00+00:00,0.89157,0.89298,2025-08-06 07:30:00+00:00,0.89341,0.89375,2025-08-06 18:15:00+00:00
AUDCAD,long,2025-08-07 18:30:00+00:00,0.89426,0.89385,0.8952600000000001,2025-08-07 18:45:00+00:00,0.89385,sl,-41.000000000002146,2025-08-07 08:00:00+00:00,0.8946,0.89527,2025-08-07 17:45:00+00:00,0.89385,0.89396,2025-08-07 18:15:00+00:00
AUDCAD,long,2025-08-08 05:00:00+00:00,0.89606,0.89564,0.89706,2025-08-08 07:00:00+00:00,0.89706,tp,100.00000000000009,2025-08-07 08:00:00+00:00,0.8946,0.89527,2025-08-08 02:15:00+00:00,0.89564,0.89589,2025-08-08 04:45:00+00:00
AUDCAD,short,2025-08-12 12:30:00+00:00,0.89499,0.89527,0.89399,2025-08-12 12:30:00+00:00,0.89527,sl,-28.000000000005794,2025-08-12 08:00:00+00:00,0.89598,0.89697,2025-08-12 09:45:00+00:00,0.89517,0.89527,2025-08-12 12:15:00+00:00
AUDCAD,long,2025-08-28 22:00:00+00:00,0.89766,0.89726,0.89866,2025-08-28 23:45:00+00:00,0.89801,sl,34.99999999999614,2025-08-27 16:00:00+00:00,0.89691,0.8973,2025-08-28 02:15:00+00:00,0.89726,0.89735,2025-08-28 21:45:00+00:00
AUDCAD,long,2025-08-29 17:45:00+00:00,0.89882,0.89772,0.89982,2025-08-29 20:45:00+00:00,0.89858,sl,-23.999999999990692,2025-08-27 16:00:00+00:00,0.89691,0.8973,2025-08-29 12:45:00+00:00,0.89772,0.8986,2025-08-29 17:30:00+00:00
AUDCAD,long,2025-09-01 13:30:00+00:00,0.90066,0.90056,0.90166,2025-09-01 13:30:00+00:00,0.90056,sl,-9.999999999998899,2025-09-01 12:00:00+00:00,0.90007,0.90014,2025-09-01 12:45:00+00:00,0.90056,0.9006,2025-09-01 13:15:00+00:00
AUDCAD,short,2025-09-04 12:30:00+00:00,0.9003,0.90066,0.8993,2025-09-04 12:30:00+00:00,0.90066,sl,-36.00000000000269,2025-09-04 08:00:00+00:00,0.90128,0.90152,2025-09-04 11:45:00+00:00,0.90056,0.90066,2025-09-04 12:15:00+00:00
AUDCAD,long,2025-09-08 14:30:00+00:00,0.91013,0.90985,0.91113,2025-09-08 14:30:00+00:00,0.90985,sl,-27.999999999994692,2025-09-08 08:00:00+00:00,0.90827,0.90906,2025-09-08 13:45:00+00:00,0.90985,0.9101,2025-09-08 14:15:00+00:00
AUDCAD,long,2025-09-11 03:45:00+00:00,0.91707,0.91684,0.91807,2025-09-11 04:00:00+00:00,0.91684,sl,-23.000000000006345,2025-09-10 16:00:00+00:00,0.9156,0.9167,2025-09-11 01:30:00+00:00,0.91684,0.91708,2025-09-11 03:30:00+00:00
AUDCAD,long,2025-09-15 13:30:00+00:00,0.92112,0.92084,0.92212,2025-09-15 13:45:00+00:00,0.92084,sl,-28.000000000005794,2025-09-15 04:00:00+00:00,0.92038,0.9205,2025-09-15 07:00:00+00:00,0.92084,0.92091,2025-09-15 13:15:00+00:00
AUDCAD,short,2025-09-16 02:00:00+00:00,0.91849,0.91884,0.91749,2025-09-16 02:30:00+00:00,0.91749,tp,100.00000000000009,2025-09-15 20:00:00+00:00,0.91909,0.9193,2025-09-16 00:30:00+00:00,0.9186,0.91884,2025-09-16 01:45:00+00:00
AUDCAD,long,2025-09-23 15:00:00+00:00,0.9132,0.91301,0.9142,2025-09-23 15:00:00+00:00,0.91301,sl,-19.00000000000235,2025-09-23 12:00:00+00:00,0.91218,0.91231,2025-09-23 14:15:00+00:00,0.91301,0.91307,2025-09-23 14:45:00+00:00
AUDCAD,long,2025-09-29 12:00:00+00:00,0.91469,0.91419,0.91569,2025-09-29 12:15:00+00:00,0.91419,sl,-50.00000000000559,2025-09-29 04:00:00+00:00,0.91331,0.91388,2025-09-29 04:30:00+00:00,0.91419,0.91439,2025-09-29 11:45:00+00:00
AUDCAD,long,2025-09-30 13:45:00+00:00,0.92061,0.92001,0.92161,2025-09-30 14:45:00+00:00,0.92161,tp,100.00000000000009,2025-09-30 12:00:00+00:00,0.9194,0.9198,2025-09-30 12:15:00+00:00,0.92001,0.92019,2025-09-30 13:30:00+00:00
AUDCAD,long,2025-10-01 14:30:00+00:00,0.92155,0.92132,0.92255,2025-10-01 14:45:00+00:00,0.92132,sl,-22.999999999995243,2025-10-01 12:00:00+00:00,0.92033,0.92045,2025-10-01 12:30:00+00:00,0.92132,0.92145,2025-10-01 14:15:00+00:00
AUDCAD,short,2025-10-02 18:45:00+00:00,0.92091,0.92096,0.91991,2025-10-02 18:45:00+00:00,0.92096,sl,-4.999999999999449,2025-10-02 12:00:00+00:00,0.92127,0.92144,2025-10-02 12:45:00+00:00,0.92093,0.92096,2025-10-02 18:30:00+00:00
AUDCAD,short,2025-10-03 04:15:00+00:00,0.92124,0.92151,0.92024,2025-10-03 05:45:00+00:00,0.92024,tp,100.00000000000009,2025-10-02 12:00:00+00:00,0.92127,0.92144,2025-10-03 01:30:00+00:00,0.92137,0.92151,2025-10-03 04:00:00+00:00
AUDCAD,short,2025-10-07 17:15:00+00:00,0.91903,0.91959,0.91803,2025-10-07 19:15:00+00:00,0.91803,tp,100.00000000000009,2025-10-07 08:00:00+00:00,0.9203,0.92127,2025-10-07 14:00:00+00:00,0.91947,0.91959,2025-10-07 17:00:00+00:00
AUDCAD,long,2025-10-09 16:45:00+00:00,0.91829,0.9175,0.91929,2025-10-09 18:45:00+00:00,0.9175,sl,-79.00000000000684,2025-10-08 16:00:00+00:00,0.91714,0.91757,2025-10-09 09:00:00+00:00,0.9175,0.91801,2025-10-09 16:30:00+00:00
AUDCAD,long,2025-10-13 09:30:00+00:00,0.91285,0.91265,0.91385,2025-10-13 11:00:00+00:00,0.91265,sl,-20.0000000000089,2025-10-13 04:00:00+00:00,0.91125,0.9117,2025-10-13 07:30:00+00:00,0.91265,0.91275,2025-10-13 09:15:00+00:00
AUDCAD,short,2025-10-14 12:00:00+00:00,0.90763,0.90807,0.90663,2025-10-14 12:15:00+00:00,0.90663,tp,100.00000000000009,2025-10-14 08:00:00+00:00,0.90873,0.91157,2025-10-14 09:00:00+00:00,0.9078,0.90807,2025-10-14 11:45:00+00:00
AUDCAD,long,2025-10-23 21:15:00+00:00,0.91014,0.90983,0.91114,2025-10-23 22:00:00+00:00,0.91114,tp,100.00000000000009,2025-10-23 08:00:00+00:00,0.90853,0.9097,2025-10-23 12:45:00+00:00,0.90983,0.90988,2025-10-23 21:00:00+00:00
AUDCAD,long,2025-10-28 12:30:00+00:00,0.91749,0.91734,0.91849,2025-10-28 12:30:00+00:00,0.91734,sl,-14.999999999998346,2025-10-27 16:00:00+00:00,0.91664,0.91686,2025-10-28 02:15:00+00:00,0.91734,0.91736,2025-10-28 12:15:00+00:00
AUDCAD,short,2025-10-29 22:15:00+00:00,0.91596,0.91638,0.91496,2025-10-29 23:45:00+00:00,0.91638,sl,-41.99999999999759,2025-10-29 20:00:00+00:00,0.91725,0.91742,2025-10-29 21:00:00+00:00,0.91617,0.91638,2025-10-29 22:00:00+00:00
AUDCAD,short,2025-10-30 07:30:00+00:00,0.91748,0.91807,0.91648,2025-10-30 07:45:00+00:00,0.91648,tp,100.00000000000009,2025-10-29 20:00:00+00:00,0.91725,0.91742,2025-10-30 04:15:00+00:00,0.91781,0.91807,2025-10-30 07:15:00+00:00
AUDCAD,short,2025-10-31 16:00:00+00:00,0.91698,0.91707,0.91598,2025-10-31 16:00:00+00:00,0.91707,sl,-9.00000000000345,2025-10-29 20:00:00+00:00,0.91725,0.91742,2025-10-31 15:15:00+00:00,0.91705,0.91707,2025-10-31 15:45:00+00:00
AUDCAD,long,2025-11-03 14:00:00+00:00,0.9194,0.91901,0.9204,2025-11-03 14:00:00+00:00,0.91901,sl,-39.00000000000014,2025-11-03 08:00:00+00:00,0.91812,0.91822,2025-11-03 10:30:00+00:00,0.91901,0.91914,2025-11-03 13:45:00+00:00
AUDCAD,short,2025-11-04 11:15:00+00:00,0.9147,0.91525,0.9137,2025-11-04 14:00:00+00:00,0.9137,tp,100.00000000000009,2025-11-04 08:00:00+00:00,0.91622,0.91677,2025-11-04 09:30:00+00:00,0.91479,0.91525,2025-11-04 11:00:00+00:00
AUDCAD,short,2025-11-05 09:00:00+00:00,0.91614,0.91633,0.91514,2025-11-05 09:00:00+00:00,0.91633,sl,-19.00000000000235,2025-11-04 08:00:00+00:00,0.91622,0.91677,2025-11-05 06:00:00+00:00,0.91616,0.91633,2025-11-05 08:45:00+00:00
AUDCAD,short,2025-11-07 10:45:00+00:00,0.91516,0.91557,0.91416,2025-11-07 11:15:00+00:00,0.91416,tp,100.00000000000009,2025-11-06 16:00:00+00:00,0.91515,0.91694,2025-11-07 07:45:00+00:00,0.91544,0.91557,2025-11-07 10:30:00+00:00
AUDCAD,short,2025-11-11 19:00:00+00:00,0.91463,0.91495,0.91363,2025-11-11 19:45:00+00:00,0.91495,sl,-31.999999999998693,2025-11-11 08:00:00+00:00,0.91536,0.91571,2025-11-11 15:15:00+00:00,0.91476,0.91495,2025-11-11 18:45:00+00:00
AUDCAD,short,2025-11-12 15:15:00+00:00,0.91563,0.91606,0.91463,2025-11-12 16:15:00+00:00,0.91606,sl,-42.999999999993044,2025-11-11 08:00:00+00:00,0.91536,0.91571,2025-11-12 09:30:00+00:00,0.91596,0.91606,2025-11-12 15:00:00+00:00
AUDCAD,long,2025-11-13 12:30:00+00:00,0.91822,0.91796,0.91922,2025-11-13 13:00:00+00:00,0.91796,sl,-26.000000000003794,2025-11-13 04:00:00+00:00,0.91611,0.91769,2025-11-13 04:45:00+00:00,0.91796,0.91804,2025-11-13 12:15:00+00:00
AUDCAD,long,2025-11-20 07:15:00+00:00,0.91077,0.91045,0.91177,2025-11-20 07:30:00+00:00,0.91045,sl,-31.999999999998693,2025-11-20 00:00:00+00:00,0.9087,0.90996,2025-11-20 03:00:00+00:00,0.91045,0.91051,2025-11-20 07:00:00+00:00
AUDCAD,long,2025-11-21 01:45:00+00:00,0.90928,0.90905,0.91028,2025-11-21 02:15:00+00:00,0.90905,sl,-22.999999999995243,2025-11-20 00:00:00+00:00,0.9087,0.90996,2025-11-21 00:45:00+00:00,0.90905,0.90907,2025-11-21 01:30:00+00:00
AUDCAD,long,2025-11-26 10:45:00+00:00,0.91472,0.91452,0.91572,2025-11-26 10:45:00+00:00,0.91452,sl,-19.999999999997797,2025-11-26 04:00:00+00:00,0.9125,0.91406,2025-11-26 09:00:00+00:00,0.91452,0.91455,2025-11-26 10:30:00+00:00
AUDCAD,long,2025-11-28 20:45:00+00:00,0.91507,0.91487,0.91607,2025-11-28 21:00:00+00:00,0.91487,sl,-20.0000000000089,2025-11-26 04:00:00+00:00,0.9125,0.91406,2025-11-28 16:45:00+00:00,0.91487,0.91508,2025-11-28 20:30:00+00:00
AUDCAD,long,2025-12-02 08:15:00+00:00,0.91757,0.91704,0.91857,2025-12-02 08:45:00+00:00,0.91704,sl,-53.00000000000304,2025-12-02 04:00:00+00:00,0.91604,0.91665,2025-12-02 05:15:00+00:00,0.91704,0.9172,2025-12-02 08:00:00+00:00
AUDCAD,long,2025-12-03 06:45:00+00:00,0.91942,0.91905,0.92042,2025-12-03 07:15:00+00:00,0.91905,sl,-36.999999999998145,2025-12-03 04:00:00+00:00,0.91824,0.91866,2025-12-03 05:15:00+00:00,0.91905,0.91927,2025-12-03 06:30:00+00:00
AUDCAD,long,2025-12-04 03:15:00+00:00,0.92241,0.92208,0.92341,2025-12-04 03:15:00+00:00,0.92208,sl,-32.999999999994145,2025-12-04 00:00:00+00:00,0.92054,0.92122,2025-12-04 02:00:00+00:00,0.92208,0.9221,2025-12-04 03:00:00+00:00
AUDCAD,long,2025-12-09 22:15:00+00:00,0.91927,0.91858,0.92027,2025-12-09 22:15:00+00:00,0.91858,sl,-69.00000000000794,2025-12-09 08:00:00+00:00,0.9181,0.91837,2025-12-09 11:45:00+00:00,0.91858,0.91863,2025-12-09 22:00:00+00:00
AUDCAD,long,2025-12-10 16:15:00+00:00,0.91917,0.91892,0.92017,2025-12-10 16:15:00+00:00,0.91892,sl,-25.000000000008345,2025-12-09 08:00:00+00:00,0.9181,0.91837,2025-12-10 02:45:00+00:00,0.91892,0.91898,2025-12-10 16:00:00+00:00
AUDCAD,short,2025-12-11 09:45:00+00:00,0.91756,0.91769,0.91656,2025-12-11 09:45:00+00:00,0.91769,sl,-12.999999999996346,2025-12-11 04:00:00+00:00,0.91836,0.91876,2025-12-11 08:45:00+00:00,0.91768,0.91769,2025-12-11 09:30:00+00:00
AUDCAD,short,2025-12-12 06:45:00+00:00,0.91786,0.91838,0.91686,2025-12-12 08:45:00+00:00,0.91838,sl,-51.99999999999649,2025-12-11 04:00:00+00:00,0.91836,0.91876,2025-12-12 01:45:00+00:00,0.91829,0.91838,2025-12-12 06:30:00+00:00
AUDCAD,short,2025-12-16 17:30:00+00:00,0.91209,0.91231,0.91109,2025-12-16 17:30:00+00:00,0.91231,sl,-21.999999999999794,2025-12-16 16:00:00+00:00,0.91275,0.91358,2025-12-16 16:30:00+00:00,0.91227,0.91231,2025-12-16 17:15:00+00:00
AUDCAD,long,2025-12-18 23:00:00+00:00,0.91059,0.91032,0.91159,2025-12-18 23:45:00+00:00,0.91103,sl,43.99999999999959,2025-12-18 12:00:00+00:00,0.91033,0.91039,2025-12-18 17:45:00+00:00,0.91032,0.91036,2025-12-18 22:45:00+00:00
AUDCAD,long,2025-12-19 17:00:00+00:00,0.91151,0.91132,0.91251,2025-12-19 17:00:00+00:00,0.91132,sl,-19.00000000000235,2025-12-18 12:00:00+00:00,0.91033,0.91039,2025-12-19 15:15:00+00:00,0.91132,0.91136,2025-12-19 16:45:00+00:00
AUDCAD,long,2025-12-22 14:30:00+00:00,0.91464,0.91454,0.91564,2025-12-22 14:30:00+00:00,0.91454,sl,-9.999999999998899,2025-12-22 08:00:00+00:00,0.91388,0.91394,2025-12-22 12:30:00+00:00,0.91454,0.91456,2025-12-22 14:15:00+00:00
AUDCAD,long,2025-12-23 10:30:00+00:00,0.91721,0.91689,0.91821,2025-12-23 10:45:00+00:00,0.91689,sl,-31.999999999998693,2025-12-23 08:00:00+00:00,0.91585,0.91631,2025-12-23 08:15:00+00:00,0.91689,0.91704,2025-12-23 10:15:00+00:00
AUDCAD,long,2025-12-25 03:45:00+00:00,0.91607,0.9158,0.91707,2025-12-25 04:00:00+00:00,0.9158,sl,-27.000000000010346,2025-12-23 08:00:00+00:00,0.91585,0.91631,2025-12-25 02:30:00+00:00,0.9158,0.91598,2025-12-25 03:30:00+00:00
AUDCAD,long,2025-12-30 15:00:00+00:00,0.91779,0.91736,0.91879,2025-12-30 15:00:00+00:00,0.91736,sl,-43.00000000000414,2025-12-30 04:00:00+00:00,0.91653,0.91745,2025-12-30 10:15:00+00:00,0.91736,0.91769,2025-12-30 14:45:00+00:00
AUDCAD,short,2026-01-08 08:45:00+00:00,0.92977,0.93018,0.92877,2026-01-08 09:30:00+00:00,0.92877,tp,100.00000000000009,2026-01-08 04:00:00+00:00,0.93046,0.93053,2026-01-08 04:45:00+00:00,0.92989,0.93018,2026-01-08 08:30:00+00:00
AUDCAD,long,2026-01-09 21:45:00+00:00,0.93033,0.93003,0.93133,2026-01-09 21:45:00+00:00,0.93008,sl,-24.999999999997243,2026-01-09 20:00:00+00:00,0.92952,0.92995,2026-01-09 20:15:00+00:00,0.93003,0.93022,2026-01-09 21:30:00+00:00
AUDCAD,short,2026-01-13 22:15:00+00:00,0.92758,0.92791,0.92658,2026-01-13 22:30:00+00:00,0.92791,sl,-33.000000000005244,2026-01-13 16:00:00+00:00,0.9286,0.92956,2026-01-13 20:00:00+00:00,0.92775,0.92791,2026-01-13 22:00:00+00:00
AUDCAD,short,2026-01-14 22:30:00+00:00,0.92654,0.92723,0.92554,2026-01-14 22:30:00+00:00,0.92723,sl,-68.99999999999683,2026-01-14 12:00:00+00:00,0.92799,0.92926,2026-01-14 16:45:00+00:00,0.92676,0.92723,2026-01-14 22:15:00+00:00
AUDCAD,long,2026-01-20 07:00:00+00:00,0.93273,0.9321,0.93373,2026-01-20 08:30:00+00:00,0.9321,sl,-62.999999999990834,2026-01-20 04:00:00+00:00,0.93127,0.93185,2026-01-20 04:45:00+00:00,0.9321,0.93251,2026-01-20 06:45:00+00:00
AUDCAD,long,2026-01-21 01:15:00+00:00,0.93145,0.93131,0.93245,2026-01-21 01:15:00+00:00,0.93131,sl,-14.000000000002897,2026-01-20 04:00:00+00:00,0.93127,0.93185,2026-01-21 00:30:00+00:00,0.93131,0.93132,2026-01-21 01:00:00+00:00
AUDCAD,long,2026-01-22 12:30:00+00:00,0.94026,0.93986,0.94126,2026-01-22 12:45:00+00:00,0.93986,sl,-39.999999999995595,2026-01-22 04:00:00+00:00,0.93578,0.93947,2026-01-22 06:45:00+00:00,0.93986,0.94007,2026-01-22 12:15:00+00:00
AUDCAD,long,2026-01-23 17:30:00+00:00,0.94415,0.94356,0.94515,2026-01-23 18:00:00+00:00,0.94356,sl,-59.00000000000904,2026-01-23 04:00:00+00:00,0.94325,0.94328,2026-01-23 04:45:00+00:00,0.94356,0.94406,2026-01-23 17:15:00+00:00
AUDCAD,long,2026-01-27 16:30:00+00:00,0.94837,0.94791,0.94937,2026-01-27 18:15:00+00:00,0.94937,tp,100.00000000000009,2026-01-26 16:00:00+00:00,0.94746,0.9481,2026-01-27 01:30:00+00:00,0.94791,0.94817,2026-01-27 16:15:00+00:00
AUDCAD,short,2026-01-30 07:30:00+00:00,0.94523,0.94557,0.94423,2026-01-30 07:30:00+00:00,0.94557,sl,-34.000000000000696,2026-01-30 04:00:00+00:00,0.94703,0.9482,2026-01-30 06:45:00+00:00,0.94529,0.94557,2026-01-30 07:15:00+00:00
AUDCAD,long,2026-02-03 14:00:00+00:00,0.95766,0.95746,0.95866,2026-02-03 14:00:00+00:00,0.95746,sl,-19.999999999997797,2026-02-03 04:00:00+00:00,0.95119,0.95677,2026-02-03 06:15:00+00:00,0.95746,0.95763,2026-02-03 13:45:00+00:00
AUDCAD,long,2026-02-11 10:15:00+00:00,0.9608,0.96068,0.9618,2026-02-11 10:15:00+00:00,0.96068,sl,-12.000000000000897,2026-02-11 04:00:00+00:00,0.95899,0.96053,2026-02-11 08:45:00+00:00,0.96068,0.9607,2026-02-11 10:00:00+00:00
AUDCAD,short,2026-02-13 04:30:00+00:00,0.96469,0.96529,0.96369,2026-02-13 05:15:00+00:00,0.96369,tp,100.00000000000009,2026-02-12 20:00:00+00:00,0.96584,0.96619,2026-02-13 02:00:00+00:00,0.96524,0.96529,2026-02-13 04:15:00+00:00
