symbol,day,side,level,fib_r,entry_time,entry,sl,tp,exit_time,exit,outcome,points,signal_time,signal_type
AUDCAD,2025-02-17 00:00:00+00:00,long,0.90045648,0.382,2025-02-17 22:15:00+00:00,0.90116,0.8994800000000001,0.90216,2025-02-17 23:45:00+00:00,0.90144,sl,28.000000000005794,2025-02-17 22:00:00+00:00,wick
AUDCAD,2025-02-18 00:00:00+00:00,long,0.90072258,0.786,2025-02-18 03:00:00+00:00,0.90062,0.8998600000000001,0.90162,2025-02-18 03:30:00+00:00,0.8998600000000001,sl,-75.99999999998718,2025-02-18 02:45:00+00:00,wick
AUDCAD,2025-02-19 00:00:00+00:00,short,0.90185762,0.618,2025-02-19 11:45:00+00:00,0.90142,0.90257,0.90042,2025-02-19 12:45:00+00:00,0.90257,sl,-114.99999999999842,2025-02-19 11:30:00+00:00,engulf
AUDCAD,2025-02-20 00:00:00+00:00,long,0.90215,0.5,2025-02-20 02:30:00+00:00,0.90237,0.9012500000000001,0.90337,2025-02-20 02:30:00+00:00,0.90337,tp,100.00000000000009,2025-02-20 02:15:00+00:00,wick
AUDCAD,2025-02-21 00:00:00+00:00,long,0.9053545399999999,0.382,2025-02-21 16:15:00+00:00,0.90535,0.90442,0.90635,2025-02-21 19:00:00+00:00,0.90442,sl,-92.99999999999864,2025-02-21 16:00:00+00:00,engulf
AUDCAD,2025-02-23 00:00:00+00:00,short,0.90544092,0.382,2025-02-23 23:00:00+00:00,0.90507,0.90638,0.90407,2025-02-23 23:45:00+00:00,0.90498,sl,9.00000000000345,2025-02-23 22:45:00+00:00,wick
AUDCAD,2025-02-24 00:00:00+00:00,long,0.904675,0.5,2025-02-24 02:45:00+00:00,0.90627,0.90366,0.90727,2025-02-24 08:00:00+00:00,0.90366,sl,-261.0000000000001,2025-02-24 02:30:00+00:00,engulf
AUDCAD,2025-02-26 00:00:00+00:00,long,0.9063007,0.382,2025-02-26 01:45:00+00:00,0.90623,0.9052100000000001,0.90723,2025-02-26 07:15:00+00:00,0.90723,tp,100.00000000000009,2025-02-26 01:30:00+00:00,wick
AUDCAD,2025-03-03 00:00:00+00:00,long,0.89758938,0.382,2025-03-03 03:30:00+00:00,0.89768,0.8969100000000001,0.89868,2025-03-03 12:15:00+00:00,0.89868,tp,100.00000000000009,2025-03-03 03:15:00+00:00,wick
AUDCAD,2025-03-04 00:00:00+00:00,long,0.89937986,0.618,2025-03-04 03:30:00+00:00,0.89964,0.89815,0.90064,2025-03-04 04:00:00+00:00,0.89815,sl,-148.99999999999912,2025-03-04 03:15:00+00:00,engulf
AUDCAD,2025-03-05 00:00:00+00:00,long,0.9010199999999999,0.5,2025-03-05 03:15:00+00:00,0.90134,0.8999600000000001,0.90234,2025-03-05 06:00:00+00:00,0.90234,tp,100.00000000000009,2025-03-05 03:00:00+00:00,engulf
AUDCAD,2025-03-06 00:00:00+00:00,long,0.90591694,0.382,2025-03-06 16:15:00+00:00,0.90599,0.90495,0.90699,2025-03-06 16:30:00+00:00,0.90699,tp,100.00000000000009,2025-03-06 16:00:00+00:00,wick
AUDCAD,2025-03-07 00:00:00+00:00,short,0.906534,0.382,2025-03-07 17:00:00+00:00,0.90613,0.9072499999999999,0.90513,2025-03-07 17:00:00+00:00,0.9072499999999999,sl,-111.99999999998988,2025-03-07 16:45:00+00:00,engulf
AUDCAD,2025-03-09 00:00:00+00:00,long,0.90460758,0.382,2025-03-09 22:00:00+00:00,0.90579,0.90388,0.90679,2025-03-09 23:45:00+00:00,0.90585,sl,6.000000000006,2025-03-09 21:45:00+00:00,wick
AUDCAD,2025-03-10 00:00:00+00:00,long,0.905335,0.618,2025-03-10 23:45:00+00:00,0.90565,0.9045300000000001,0.90665,2025-03-10 23:45:00+00:00,0.90593,sl,28.000000000005794,2025-03-10 23:30:00+00:00,engulf
AUDCAD,2025-03-12 00:00:00+00:00,long,0.9076,0.5,2025-03-12 17:00:00+00:00,0.90766,0.90658,0.90866,2025-03-12 18:30:00+00:00,0.90658,sl,-107.99999999999697,2025-03-12 16:45:00+00:00,engulf
AUDCAD,2025-03-14 00:00:00+00:00,short,0.9097,1.0,2025-03-14 14:15:00+00:00,0.90894,0.9106,0.90794,2025-03-14 20:45:00+00:00,0.90794,tp,100.00000000000009,2025-03-14 14:00:00+00:00,engulf
AUDCAD,2025-03-18 00:00:00+00:00,long,0.91119796,0.382,2025-03-18 04:30:00+00:00,0.91142,0.91049,0.91242,2025-03-18 07:30:00+00:00,0.91242,tp,100.00000000000009,2025-03-18 04:15:00+00:00,engulf
AUDCAD,2025-03-19 00:00:00+00:00,short,0.910385,0.5,2025-03-19 03:15:00+00:00,0.91023,0.9110499999999999,0.90923,2025-03-19 06:45:00+00:00,0.90923,tp,100.00000000000009,2025-03-19 03:00:00+00:00,engulf
AUDCAD,2025-03-20 00:00:00+00:00,long,0.90822,0.5,2025-03-20 02:30:00+00:00,0.90827,0.90722,0.90927,2025-03-20 07:00:00+00:00,0.90722,sl,-104.99999999999953,2025-03-20 02:15:00+00:00,engulf
AUDCAD,2025-03-23 00:00:00+00:00,short,0.90027912,0.382,2025-03-23 22:45:00+00:00,0.90008,0.90145,0.89908,2025-03-23 23:45:00+00:00,0.90133,sl,-124.99999999999733,2025-03-23 22:30:00+00:00,engulf
AUDCAD,2025-03-24 00:00:00+00:00,long,0.90013434,0.382,2025-03-24 14:30:00+00:00,0.90031,0.8992100000000001,0.9013100000000001,2025-03-24 14:45:00+00:00,0.8992100000000001,sl,-109.99999999999898,2025-03-24 14:15:00+00:00,engulf
AUDCAD,2025-03-25 00:00:00+00:00,short,0.90068642,0.618,2025-03-25 01:30:00+00:00,0.90057,0.90131,0.89957,2025-03-25 07:30:00+00:00,0.89957,tp,100.00000000000009,2025-03-25 01:15:00+00:00,wick
AUDCAD,2025-03-26 00:00:00+00:00,long,0.89821,1.0,2025-03-26 01:15:00+00:00,0.8984,0.8970800000000001,0.8994,2025-03-26 01:30:00+00:00,0.8994,tp,100.00000000000009,2025-03-26 01:00:00+00:00,wick
AUDCAD,2025-03-27 00:00:00+00:00,short,0.8997335,0.618,2025-03-27 03:30:00+00:00,0.89959,0.9004099999999999,0.89859,2025-03-27 04:15:00+00:00,0.9004099999999999,sl,-81.99999999999318,2025-03-27 03:15:00+00:00,wick
AUDCAD,2025-03-28 00:00:00+00:00,long,0.90025528,0.618,2025-03-28 03:00:00+00:00,0.90032,0.89959,0.90132,2025-03-28 03:15:00+00:00,0.89959,sl,-73.00000000000084,2025-03-28 02:45:00+00:00,wick
AUDCAD,2025-03-31 00:00:00+00:00,long,0.8984423,0.382,2025-03-31 19:30:00+00:00,0.89862,0.8977200000000001,0.89962,2025-03-31 21:00:00+00:00,0.8977200000000001,sl,-89.99999999999008,2025-03-31 19:15:00+00:00,engulf
AUDCAD,2025-04-01 00:00:00+00:00,short,0.8995441,0.786,2025-04-01 07:30:00+00:00,0.89939,0.9007799999999999,0.89839,2025-04-01 13:30:00+00:00,0.9007799999999999,sl,-138.99999999998911,2025-04-01 07:15:00+00:00,engulf
AUDCAD,2025-04-02 00:00:00+00:00,long,0.8978265799999999,0.786,2025-04-02 00:45:00+00:00,0.89789,0.8970800000000001,0.89889,2025-04-02 01:30:00+00:00,0.89889,tp,100.00000000000009,2025-04-02 00:30:00+00:00,wick
AUDCAD,2025-04-03 00:00:00+00:00,short,0.8948062800000001,0.382,2025-04-03 02:00:00+00:00,0.89398,0.8958799999999999,0.89298,2025-04-03 04:00:00+00:00,0.89298,tp,100.00000000000009,2025-04-03 01:45:00+00:00,engulf
AUDCAD,2025-04-07 00:00:00+00:00,short,0.8558,1.0,2025-04-07 04:45:00+00:00,0.85518,0.85798,0.85418,2025-04-07 05:15:00+00:00,0.85798,sl,-279.99999999999136,2025-04-07 04:30:00+00:00,engulf
AUDCAD,2025-04-09 00:00:00+00:00,short,0.85275742,0.382,2025-04-09 03:15:00+00:00,0.85182,0.85337,0.85082,2025-04-09 03:30:00+00:00,0.85082,tp,100.00000000000009,2025-04-09 03:00:00+00:00,wick
AUDCAD,2025-04-11 00:00:00+00:00,long,0.8651373,0.786,2025-04-11 05:15:00+00:00,0.86482,0.86311,0.86582,2025-04-11 05:15:00+00:00,0.86582,tp,100.00000000000009,2025-04-11 05:00:00+00:00,wick
AUDCAD,2025-04-14 00:00:00+00:00,long,0.87314412,0.382,2025-04-14 01:30:00+00:00,0.87334,0.87119,0.87434,2025-04-14 03:30:00+00:00,0.87119,sl,-214.99999999999852,2025-04-14 01:15:00+00:00,engulf
AUDCAD,2025-04-16 00:00:00+00:00,long,0.883045,0.5,2025-04-16 01:15:00+00:00,0.88377,0.8824900000000001,0.88477,2025-04-16 01:30:00+00:00,0.88477,tp,100.00000000000009,2025-04-16 01:00:00+00:00,engulf
AUDCAD,2025-04-17 00:00:00+00:00,short,0.88369054,0.382,2025-04-17 12:30:00+00:00,0.88243,0.8852,0.88143,2025-04-17 12:45:00+00:00,0.8852,sl,-276.9999999999939,2025-04-17 12:15:00+00:00,engulf
AUDCAD,2025-04-18 00:00:00+00:00,long,0.88266,0.5,2025-04-18 03:30:00+00:00,0.88267,0.8818600000000001,0.88367,2025-04-18 03:30:00+00:00,0.88367,tp,100.00000000000009,2025-04-18 03:15:00+00:00,wick
AUDCAD,2025-04-22 00:00:00+00:00,long,0.88599048,0.382,2025-04-22 00:45:00+00:00,0.88679,0.8854900000000001,0.88779,2025-04-22 01:30:00+00:00,0.88779,tp,100.00000000000009,2025-04-22 00:30:00+00:00,wick
AUDCAD,2025-04-23 00:00:00+00:00,short,0.88489304,0.618,2025-04-23 01:45:00+00:00,0.8843,0.88567,0.8833,2025-04-23 02:30:00+00:00,0.8833,tp,100.00000000000009,2025-04-23 01:30:00+00:00,engulf
AUDCAD,2025-04-25 00:00:00+00:00,long,0.8845449999999999,0.5,2025-04-25 14:00:00+00:00,0.88453,0.8836200000000001,0.88553,2025-04-25 14:00:00+00:00,0.88553,tp,100.00000000000009,2025-04-25 13:45:00+00:00,wick
AUDCAD,2025-04-28 00:00:00+00:00,long,0.88413,1.0,2025-04-28 08:30:00+00:00,0.88533,0.8834000000000001,0.88633,2025-04-28 09:00:00+00:00,0.88633,tp,100.00000000000009,2025-04-28 08:15:00+00:00,engulf
AUDCAD,2025-04-29 00:00:00+00:00,long,0.88741642,0.382,2025-04-29 07:45:00+00:00,0.88821,0.8868900000000001,0.8892100000000001,2025-04-29 10:45:00+00:00,0.8868900000000001,sl,-131.99999999999878,2025-04-29 07:30:00+00:00,wick
AUDCAD,2025-04-30 00:00:00+00:00,short,0.88478314,0.382,2025-04-30 02:15:00+00:00,0.88496,0.8861,0.88396,2025-04-30 04:00:00+00:00,0.8861,sl,-114.00000000000298,2025-04-30 02:00:00+00:00,engulf
AUDCAD,2025-05-01 00:00:00+00:00,long,0.88253882,0.618,2025-05-01 06:45:00+00:00,0.88281,0.8819,0.88381,2025-05-01 07:00:00+00:00,0.8819,sl,-90.99999999999663,2025-05-01 06:30:00+00:00,wick
AUDCAD,2025-05-05 00:00:00+00:00,long,0.89001734,0.618,2025-05-05 00:45:00+00:00,0.8902,0.88895,0.8912,2025-05-05 01:00:00+00:00,0.8912,tp,100.00000000000009,2025-05-05 00:30:00+00:00,engulf
AUDCAD,2025-05-06 00:00:00+00:00,long,0.89207052,0.618,2025-05-06 00:30:00+00:00,0.89244,0.8910800000000001,0.89344,2025-05-06 04:45:00+00:00,0.89344,tp,100.00000000000009,2025-05-06 00:15:00+00:00,wick
AUDCAD,2025-05-07 00:00:00+00:00,long,0.893725,0.5,2025-05-07 03:00:00+00:00,0.89444,0.89312,0.89544,2025-05-07 07:00:00+00:00,0.89312,sl,-131.99999999999878,2025-05-07 02:45:00+00:00,wick
AUDCAD,2025-05-08 00:00:00+00:00,short,0.89097844,0.382,2025-05-08 05:30:00+00:00,0.89133,0.8924399999999999,0.89033,2025-05-08 06:15:00+00:00,0.89033,tp,100.00000000000009,2025-05-08 05:15:00+00:00,wick
AUDCAD,2025-05-11 00:00:00+00:00,long,0.8916850000000001,0.5,2025-05-11 21:45:00+00:00,0.89241,0.89036,0.89341,2025-05-11 21:45:00+00:00,0.89341,tp,100.00000000000009,2025-05-11 21:30:00+00:00,engulf
AUDCAD,2025-05-12 00:00:00+00:00,long,0.892875,0.5,2025-05-12 11:00:00+00:00,0.89285,0.8917900000000001,0.89385,2025-05-12 11:15:00+00:00,0.89385,tp,100.00000000000009,2025-05-12 10:45:00+00:00,wick
AUDCAD,2025-05-13 00:00:00+00:00,short,0.89465576,0.618,2025-05-13 06:15:00+00:00,0.89449,0.89557,0.89349,2025-05-13 06:45:00+00:00,0.89557,sl,-107.99999999999697,2025-05-13 06:00:00+00:00,engulf
AUDCAD,2025-05-14 00:00:00+00:00,long,0.89840066,0.382,2025-05-14 20:30:00+00:00,0.89856,0.89761,0.89956,2025-05-14 21:00:00+00:00,0.89761,sl,-95.00000000000063,2025-05-14 20:15:00+00:00,engulf
AUDCAD,2025-05-16 00:00:00+00:00,short,0.8953840599999999,0.382,2025-05-16 04:00:00+00:00,0.89541,0.8964,0.89441,2025-05-16 05:15:00+00:00,0.8964,sl,-98.99999999999353,2025-05-16 03:45:00+00:00,wick
AUDCAD,2025-05-18 00:00:00+00:00,long,0.89330436,0.786,2025-05-18 21:45:00+00:00,0.89347,0.89248,0.89447,2025-05-18 22:15:00+00:00,0.89447,tp,100.00000000000009,2025-05-18 21:30:00+00:00,wick
AUDCAD,2025-05-20 00:00:00+00:00,long,0.8974150000000001,0.5,2025-05-20 05:15:00+00:00,0.89789,0.8962600000000001,0.89889,2025-05-20 05:30:00+00:00,0.8962600000000001,sl,-162.9999999999909,2025-05-20 05:00:00+00:00,engulf
AUDCAD,2025-05-21 00:00:00+00:00,short,0.8956999999999999,0.5,2025-05-21 04:00:00+00:00,0.89555,0.8964,0.89455,2025-05-21 05:15:00+00:00,0.8964,sl,-85.00000000000173,2025-05-21 03:45:00+00:00,engulf
AUDCAD,2025-05-22 00:00:00+00:00,short,0.8924158,0.382,2025-05-22 00:30:00+00:00,0.89182,0.89304,0.89082,2025-05-22 01:30:00+00:00,0.89082,tp,100.00000000000009,2025-05-22 00:15:00+00:00,wick
AUDCAD,2025-05-23 00:00:00+00:00,short,0.8899216400000001,0.382,2025-05-23 02:30:00+00:00,0.88974,0.89052,0.88874,2025-05-23 07:15:00+00:00,0.89052,sl,-78.00000000000028,2025-05-23 02:15:00+00:00,wick
AUDCAD,2025-05-25 00:00:00+00:00,long,0.890525,0.5,2025-05-25 22:15:00+00:00,0.89205,0.8892100000000001,0.89305,2025-05-25 23:30:00+00:00,0.89305,tp,100.00000000000009,2025-05-25 22:00:00+00:00,engulf
AUDCAD,2025-05-26 00:00:00+00:00,long,0.89093,0.5,2025-05-26 22:15:00+00:00,0.89068,0.8895500000000001,0.89168,2025-05-26 23:45:00+00:00,0.88997,sl,-70.99999999999883,2025-05-26 22:00:00+00:00,wick
AUDCAD,2025-05-28 00:00:00+00:00,long,0.88920698,0.382,2025-05-28 02:30:00+00:00,0.89003,0.8877700000000001,0.89103,2025-05-28 13:00:00+00:00,0.8877700000000001,sl,-225.99999999999287,2025-05-28 02:15:00+00:00,engulf
AUDCAD,2025-05-30 00:00:00+00:00,long,0.88887936,0.618,2025-05-30 01:45:00+00:00,0.88855,0.88729,0.88955,2025-05-30 05:45:00+00:00,0.88955,tp,100.00000000000009,2025-05-30 01:30:00+00:00,wick
AUDCAD,2025-06-03 00:00:00+00:00,long,0.88842802,0.382,2025-06-03 02:45:00+00:00,0.88842,0.8873300000000001,0.88942,2025-06-03 05:15:00+00:00,0.8873300000000001,sl,-108.99999999999243,2025-06-03 02:30:00+00:00,wick
AUDCAD,2025-06-04 00:00:00+00:00,short,0.88783,0.5,2025-06-04 02:15:00+00:00,0.88751,0.88864,0.88651,2025-06-04 02:30:00+00:00,0.88651,tp,100.00000000000009,2025-06-04 02:00:00+00:00,wick
AUDCAD,2025-06-06 00:00:00+00:00,long,0.8889248399999999,0.618,2025-06-06 16:45:00+00:00,0.88883,0.8879300000000001,0.88983,2025-06-06 19:15:00+00:00,0.88983,tp,100.00000000000009,2025-06-06 16:30:00+00:00,engulf
AUDCAD,2025-06-10 00:00:00+00:00,long,0.89172728,0.382,2025-06-10 02:15:00+00:00,0.8924,0.8910100000000001,0.8934,2025-06-10 02:45:00+00:00,0.8934,tp,100.00000000000009,2025-06-10 02:00:00+00:00,wick
AUDCAD,2025-06-16 00:00:00+00:00,long,0.88102018,0.382,2025-06-16 04:30:00+00:00,0.88159,0.88017,0.88259,2025-06-16 06:00:00+00:00,0.88259,tp,100.00000000000009,2025-06-16 04:15:00+00:00,engulf
AUDCAD,2025-06-17 00:00:00+00:00,long,0.8825923,0.618,2025-06-17 19:30:00+00:00,0.88311,0.8819800000000001,0.88411,2025-06-17 20:00:00+00:00,0.88411,tp,100.00000000000009,2025-06-17 19:15:00+00:00,engulf
AUDCAD,2025-06-19 00:00:00+00:00,long,0.88924,0.5,2025-06-19 01:45:00+00:00,0.88962,0.88787,0.89062,2025-06-19 05:30:00+00:00,0.88787,sl,-174.99999999999181,2025-06-19 01:30:00+00:00,engulf
AUDCAD,2025-06-20 00:00:00+00:00,short,0.88904272,0.618,2025-06-20 05:00:00+00:00,0.88871,0.8895799999999999,0.88771,2025-06-20 06:30:00+00:00,0.88771,tp,100.00000000000009,2025-06-20 04:45:00+00:00,wick
AUDCAD,2025-06-23 00:00:00+00:00,long,0.88448166,0.382,2025-06-23 01:00:00+00:00,0.88506,0.8838100000000001,0.88606,2025-06-23 01:15:00+00:00,0.8838100000000001,sl,-124.99999999998623,2025-06-23 00:45:00+00:00,engulf
AUDCAD,2025-06-26 00:00:00+00:00,long,0.8928875,0.382,2025-06-26 14:15:00+00:00,0.8935,0.89229,0.8945,2025-06-26 15:00:00+00:00,0.89229,sl,-120.99999999999332,2025-06-26 14:00:00+00:00,wick
AUDCAD,2025-06-27 00:00:00+00:00,short,0.893975,0.5,2025-06-27 01:15:00+00:00,0.89352,0.89465,0.89252,2025-06-27 05:00:00+00:00,0.89252,tp,100.00000000000009,2025-06-27 01:00:00+00:00,engulf
AUDCAD,2025-07-01 00:00:00+00:00,long,0.89381338,0.618,2025-07-01 03:15:00+00:00,0.89383,0.89253,0.89483,2025-07-01 05:30:00+00:00,0.89483,tp,100.00000000000009,2025-07-01 03:00:00+00:00,engulf
AUDCAD,2025-07-02 00:00:00+00:00,long,0.89598058,0.382,2025-07-02 07:15:00+00:00,0.89664,0.89527,0.89764,2025-07-02 08:00:00+00:00,0.89527,sl,-136.9999999999982,2025-07-02 07:00:00+00:00,wick
AUDCAD,2025-07-06 00:00:00+00:00,short,0.89087026,0.382,2025-07-06 21:15:00+00:00,0.89064,0.8922,0.88964,2025-07-06 23:45:00+00:00,0.89091,sl,-26.999999999999243,2025-07-06 21:00:00+00:00,wick
AUDCAD,2025-07-14 00:00:00+00:00,long,0.89908,0.5,2025-07-14 04:15:00+00:00,0.89902,0.89817,0.90002,2025-07-14 06:30:00+00:00,0.89817,sl,-85.00000000000173,2025-07-14 04:00:00+00:00,wick
AUDCAD,2025-07-15 00:00:00+00:00,short,0.89812,0.5,2025-07-15 11:30:00+00:00,0.8981,0.89926,0.8971,2025-07-15 12:30:00+00:00,0.89926,sl,-115.99999999999388,2025-07-15 11:15:00+00:00,engulf
AUDCAD,2025-07-16 00:00:00+00:00,short,0.895845,0.5,2025-07-16 16:00:00+00:00,0.8937,0.8970999999999999,0.8927,2025-07-16 21:00:00+00:00,0.8927,tp,100.00000000000009,2025-07-16 15:45:00+00:00,engulf
AUDCAD,2025-07-21 00:00:00+00:00,long,0.89309466,0.382,2025-07-21 01:15:00+00:00,0.89353,0.89224,0.89453,2025-07-21 21:00:00+00:00,0.89224,sl,-129.00000000000134,2025-07-21 01:00:00+00:00,engulf
AUDCAD,2025-07-22 00:00:00+00:00,short,0.89311794,0.618,2025-07-22 14:00:00+00:00,0.89237,0.89411,0.89137,2025-07-22 18:00:00+00:00,0.89137,tp,100.00000000000009,2025-07-22 13:45:00+00:00,engulf
AUDCAD,2025-07-23 00:00:00+00:00,short,0.8919674000000001,0.618,2025-07-23 01:45:00+00:00,0.89172,0.89257,0.89072,2025-07-23 03:15:00+00:00,0.89257,sl,-85.00000000000173,2025-07-23 01:30:00+00:00,wick
AUDCAD,2025-07-25 00:00:00+00:00,long,0.89870464,0.618,2025-07-25 02:00:00+00:00,0.89883,0.89809,0.89983,2025-07-25 04:30:00+00:00,0.89809,sl,-73.99999999999629,2025-07-25 01:45:00+00:00,engulf
AUDCAD,2025-07-27 00:00:00+00:00,short,0.89999,1.0,2025-07-27 22:45:00+00:00,0.90005,0.90086,0.89905,2025-07-27 23:45:00+00:00,0.90025,sl,-19.999999999997797,2025-07-27 22:30:00+00:00,wick
AUDCAD,2025-07-30 00:00:00+00:00,long,0.89605458,0.382,2025-07-30 01:45:00+00:00,0.89656,0.89487,0.89756,2025-07-30 08:15:00+00:00,0.89487,sl,-168.99999999999693,2025-07-30 01:30:00+00:00,wick
AUDCAD,2025-07-31 00:00:00+00:00,short,0.893115,0.5,2025-07-31 05:30:00+00:00,0.89311,0.8941699999999999,0.89211,2025-07-31 06:15:00+00:00,0.8941699999999999,sl,-105.99999999999498,2025-07-31 05:15:00+00:00,engulf
AUDCAD,2025-08-01 00:00:00+00:00,short,0.891575,0.5,2025-08-01 04:00:00+00:00,0.89147,0.8923599999999999,0.89047,2025-08-01 12:15:00+00:00,0.89047,tp,100.00000000000009,2025-08-01 03:45:00+00:00,engulf
AUDCAD,2025-08-03 00:00:00+00:00,long,0.89016882,0.786,2025-08-03 21:15:00+00:00,0.89,0.8883500000000001,0.891,2025-08-03 22:00:00+00:00,0.891,tp,100.00000000000009,2025-08-03 21:00:00+00:00,wick
AUDCAD,2025-08-04 00:00:00+00:00,long,0.890415,0.5,2025-08-04 20:00:00+00:00,0.89066,0.8899100000000001,0.89166,2025-08-04 21:15:00+00:00,0.8899100000000001,sl,-74.99999999999173,2025-08-04 19:45:00+00:00,wick
AUDCAD,2025-08-05 00:00:00+00:00,long,0.89032386,0.786,2025-08-05 05:00:00+00:00,0.89106,0.8897200000000001,0.89206,2025-08-05 12:45:00+00:00,0.89206,tp,100.00000000000009,2025-08-05 04:45:00+00:00,engulf
AUDCAD,2025-08-06 00:00:00+00:00,short,0.89193614,0.786,2025-08-06 00:30:00+00:00,0.89196,0.8928499999999999,0.89096,2025-08-06 02:15:00+00:00,0.8928499999999999,sl,-88.99999999999463,2025-08-06 00:15:00+00:00,wick
AUDCAD,2025-08-10 00:00:00+00:00,long,0.8961387000000001,0.618,2025-08-10 21:45:00+00:00,0.89624,0.8954700000000001,0.89724,2025-08-10 23:45:00+00:00,0.8961,sl,-14.000000000002897,2025-08-10 21:30:00+00:00,wick
AUDCAD,2025-08-12 00:00:00+00:00,long,0.8966542200000001,0.618,2025-08-12 04:45:00+00:00,0.89705,0.8953500000000001,0.89805,2025-08-12 05:15:00+00:00,0.8953500000000001,sl,-169.99999999999235,2025-08-12 04:30:00+00:00,wick
AUDCAD,2025-08-14 00:00:00+00:00,long,0.9001250000000001,0.5,2025-08-14 07:30:00+00:00,0.90008,0.89937,0.90108,2025-08-14 08:45:00+00:00,0.89937,sl,-70.99999999999883,2025-08-14 07:15:00+00:00,engulf
AUDCAD,2025-08-15 00:00:00+00:00,short,0.89899,0.5,2025-08-15 13:15:00+00:00,0.89869,0.8994899999999999,0.89769,2025-08-15 13:30:00+00:00,0.8994899999999999,sl,-79.99999999999119,2025-08-15 13:00:00+00:00,wick
AUDCAD,2025-08-18 00:00:00+00:00,long,0.89903082,0.382,2025-08-18 07:15:00+00:00,0.89903,0.89817,0.90003,2025-08-18 08:00:00+00:00,0.89817,sl,-85.99999999999719,2025-08-18 07:00:00+00:00,engulf
AUDCAD,2025-08-21 00:00:00+00:00,short,0.89335324,0.618,2025-08-21 23:00:00+00:00,0.89307,0.89389,0.89207,2025-08-21 23:45:00+00:00,0.89312,sl,-4.999999999999449,2025-08-21 22:45:00+00:00,engulf
AUDCAD,2025-08-24 00:00:00+00:00,long,0.89584,0.5,2025-08-24 21:15:00+00:00,0.89623,0.8950400000000001,0.89723,2025-08-24 21:30:00+00:00,0.89723,tp,100.00000000000009,2025-08-24 21:00:00+00:00,wick
AUDCAD,2025-08-25 00:00:00+00:00,long,0.89634602,0.618,2025-08-25 02:45:00+00:00,0.89636,0.8956400000000001,0.89736,2025-08-25 03:00:00+00:00,0.89736,tp,100.00000000000009,2025-08-25 02:30:00+00:00,engulf
AUDCAD,2025-08-26 00:00:00+00:00,long,0.897515,0.5,2025-08-26 02:30:00+00:00,0.89777,0.8966000000000001,0.89877,2025-08-26 12:00:00+00:00,0.89877,tp,100.00000000000009,2025-08-26 02:15:00+00:00,engulf
AUDCAD,2025-08-27 00:00:00+00:00,long,0.89794,0.5,2025-08-27 01:45:00+00:00,0.89901,0.8972000000000001,0.90001,2025-08-27 07:15:00+00:00,0.8972000000000001,sl,-180.9999999999867,2025-08-27 01:30:00+00:00,engulf
AUDCAD,2025-08-28 00:00:00+00:00,short,0.89775178,0.618,2025-08-28 02:15:00+00:00,0.89735,0.8983399999999999,0.89635,2025-08-28 10:30:00+00:00,0.8983399999999999,sl,-98.99999999999353,2025-08-28 02:00:00+00:00,wick
AUDCAD,2025-08-29 00:00:00+00:00,long,0.897535,0.5,2025-08-29 12:45:00+00:00,0.89866,0.8966900000000001,0.89966,2025-08-29 20:45:00+00:00,0.89858,sl,-7.999999999996898,2025-08-29 12:30:00+00:00,engulf
AUDCAD,2025-08-31 00:00:00+00:00,long,0.89803444,0.618,2025-08-31 21:30:00+00:00,0.89854,0.89712,0.89954,2025-08-31 23:45:00+00:00,0.89882,sl,27.999999999994692,2025-08-31 21:15:00+00:00,engulf
AUDCAD,2025-09-01 00:00:00+00:00,long,0.89845756,0.382,2025-09-01 02:45:00+00:00,0.89902,0.8978900000000001,0.90002,2025-09-01 07:45:00+00:00,0.90002,tp,100.00000000000009,2025-09-01 02:30:00+00:00,engulf
AUDCAD,2025-09-02 00:00:00+00:00,long,0.90038986,0.382,2025-09-02 01:15:00+00:00,0.90049,0.8996700000000001,0.90149,2025-09-02 02:00:00+00:00,0.8996700000000001,sl,-81.99999999999318,2025-09-02 01:00:00+00:00,wick
AUDCAD,2025-09-04 00:00:00+00:00,long,0.9013089,0.382,2025-09-04 07:15:00+00:00,0.90119,0.9001300000000001,0.90219,2025-09-04 12:30:00+00:00,0.9001300000000001,sl,-105.99999999999498,2025-09-04 07:00:00+00:00,engulf
AUDCAD,2025-09-05 00:00:00+00:00,short,0.90218012,0.786,2025-09-05 06:15:00+00:00,0.902,0.9028999999999999,0.901,2025-09-05 12:00:00+00:00,0.9028999999999999,sl,-89.99999999999008,2025-09-05 06:00:00+00:00,wick
AUDCAD,2025-09-08 00:00:00+00:00,long,0.9065122800000001,0.382,2025-09-08 00:30:00+00:00,0.90677,0.9058200000000001,0.90777,2025-09-08 01:45:00+00:00,0.90777,tp,100.00000000000009,2025-09-08 00:15:00+00:00,engulf
AUDCAD,2025-09-12 00:00:00+00:00,long,0.91943544,0.382,2025-09-12 12:00:00+00:00,0.91976,0.9188500000000001,0.92076,2025-09-12 12:30:00+00:00,0.9188500000000001,sl,-90.99999999999663,2025-09-12 11:45:00+00:00,engulf
AUDCAD,2025-09-15 00:00:00+00:00,long,0.91915378,0.382,2025-09-15 19:00:00+00:00,0.91908,0.91842,0.92008,2025-09-15 20:45:00+00:00,0.91842,sl,-65.99999999999939,2025-09-15 18:45:00+00:00,wick
AUDCAD,2025-09-23 00:00:00+00:00,long,0.91059528,0.382,2025-09-23 03:30:00+00:00,0.91085,0.90981,0.91185,2025-09-23 06:45:00+00:00,0.91185,tp,100.00000000000009,2025-09-23 03:15:00+00:00,engulf
AUDCAD,2025-09-25 00:00:00+00:00,long,0.91231,1.0,2025-09-25 13:30:00+00:00,0.91216,0.9114300000000001,0.91316,2025-09-25 13:30:00+00:00,0.9114300000000001,sl,-72.99999999998974,2025-09-25 13:15:00+00:00,wick
AUDCAD,2025-09-28 00:00:00+00:00,long,0.91110532,0.618,2025-09-28 21:30:00+00:00,0.91243,0.9105000000000001,0.91343,2025-09-28 23:45:00+00:00,0.91314,sl,70.99999999999883,2025-09-28 21:15:00+00:00,engulf
AUDCAD,2025-09-29 00:00:00+00:00,long,0.91242758,0.382,2025-09-29 02:30:00+00:00,0.91329,0.9119200000000001,0.91429,2025-09-29 04:15:00+00:00,0.91429,tp,100.00000000000009,2025-09-29 02:15:00+00:00,engulf
AUDCAD,2025-10-01 00:00:00+00:00,long,0.918435,0.5,2025-10-01 02:45:00+00:00,0.91868,0.9177900000000001,0.91968,2025-10-01 04:15:00+00:00,0.9177900000000001,sl,-88.99999999999463,2025-10-01 02:30:00+00:00,wick
AUDCAD,2025-10-02 00:00:00+00:00,long,0.92075494,0.382,2025-10-02 12:00:00+00:00,0.92095,0.9199700000000001,0.92195,2025-10-02 13:30:00+00:00,0.9199700000000001,sl,-97.99999999999808,2025-10-02 11:45:00+00:00,engulf
AUDCAD,2025-10-03 00:00:00+00:00,short,0.92161716,0.618,2025-10-03 00:45:00+00:00,0.92146,0.92223,0.92046,2025-10-03 04:45:00+00:00,0.92046,tp,100.00000000000009,2025-10-03 00:30:00+00:00,wick
AUDCAD,2025-10-07 00:00:00+00:00,long,0.92136518,0.618,2025-10-07 01:15:00+00:00,0.92166,0.9207700000000001,0.92266,2025-10-07 01:45:00+00:00,0.92266,tp,100.00000000000009,2025-10-07 01:00:00+00:00,wick
AUDCAD,2025-10-09 00:00:00+00:00,long,0.91779886,0.382,2025-10-09 07:45:00+00:00,0.91811,0.91715,0.91911,2025-10-09 08:30:00+00:00,0.91715,sl,-95.99999999999608,2025-10-09 07:30:00+00:00,wick
AUDCAD,2025-10-10 00:00:00+00:00,long,0.91866776,0.618,2025-10-10 07:30:00+00:00,0.91862,0.9176300000000001,0.91962,2025-10-10 08:00:00+00:00,0.91962,tp,100.00000000000009,2025-10-10 07:15:00+00:00,wick
AUDCAD,2025-10-13 00:00:00+00:00,short,0.9100925400000001,0.618,2025-10-13 00:30:00+00:00,0.91013,0.9113199999999999,0.90913,2025-10-13 00:45:00+00:00,0.9113199999999999,sl,-118.99999999999133,2025-10-13 00:15:00+00:00,wick
AUDCAD,2025-10-14 00:00:00+00:00,long,0.912375,0.5,2025-10-14 03:45:00+00:00,0.91223,0.91107,0.91323,2025-10-14 04:00:00+00:00,0.91107,sl,-115.99999999999388,2025-10-14 03:30:00+00:00,wick
AUDCAD,2025-10-15 00:00:00+00:00,short,0.91323186,0.786,2025-10-15 03:00:00+00:00,0.91321,0.91389,0.91221,2025-10-15 03:15:00+00:00,0.91389,sl,-68.00000000000139,2025-10-15 02:45:00+00:00,wick
AUDCAD,2025-10-16 00:00:00+00:00,long,0.91281574,0.618,2025-10-16 07:45:00+00:00,0.91292,0.91183,0.91392,2025-10-16 11:30:00+00:00,0.91392,tp,100.00000000000009,2025-10-16 07:30:00+00:00,wick
AUDCAD,2025-10-17 00:00:00+00:00,short,0.91125224,0.382,2025-10-17 11:45:00+00:00,0.91061,0.91252,0.90961,2025-10-17 12:15:00+00:00,0.90961,tp,100.00000000000009,2025-10-17 11:30:00+00:00,engulf
AUDCAD,2025-10-20 00:00:00+00:00,long,0.91060916,0.382,2025-10-20 00:45:00+00:00,0.91128,0.91002,0.91228,2025-10-20 01:00:00+00:00,0.91228,tp,100.00000000000009,2025-10-20 00:30:00+00:00,engulf
AUDCAD,2025-10-21 00:00:00+00:00,long,0.912485,0.5,2025-10-21 07:00:00+00:00,0.91268,0.9117900000000001,0.91368,2025-10-21 07:45:00+00:00,0.9117900000000001,sl,-88.99999999999463,2025-10-21 06:45:00+00:00,engulf
AUDCAD,2025-10-22 00:00:00+00:00,short,0.91113052,0.382,2025-10-22 07:00:00+00:00,0.91078,0.91177,0.90978,2025-10-22 08:15:00+00:00,0.90978,tp,100.00000000000009,2025-10-22 06:45:00+00:00,engulf
AUDCAD,2025-10-23 00:00:00+00:00,short,0.90828506,0.382,2025-10-23 01:15:00+00:00,0.90819,0.9088999999999999,0.90719,2025-10-23 03:30:00+00:00,0.90719,tp,100.00000000000009,2025-10-23 01:00:00+00:00,wick
AUDCAD,2025-10-26 00:00:00+00:00,short,0.91427,1.0,2025-10-26 23:45:00+00:00,0.9141,0.91497,0.9131,2025-10-26 23:45:00+00:00,0.91418,sl,-7.999999999996898,2025-10-26 23:30:00+00:00,engulf
AUDCAD,2025-10-27 00:00:00+00:00,short,0.91472714,0.382,2025-10-27 06:45:00+00:00,0.9144,0.9154,0.9134,2025-10-27 07:15:00+00:00,0.9134,tp,100.00000000000009,2025-10-27 06:30:00+00:00,wick
AUDCAD,2025-10-29 00:00:00+00:00,long,0.91616,1.0,2025-10-29 21:15:00+00:00,0.91565,0.9140400000000001,0.91665,2025-10-29 23:45:00+00:00,0.91665,tp,100.00000000000009,2025-10-29 21:00:00+00:00,wick
AUDCAD,2025-10-30 00:00:00+00:00,short,0.9179999999999999,0.5,2025-10-30 05:15:00+00:00,0.9175,0.9189799999999999,0.9165,2025-10-30 07:45:00+00:00,0.9165,tp,100.00000000000009,2025-10-30 05:00:00+00:00,engulf
AUDCAD,2025-10-31 00:00:00+00:00,long,0.91611496,0.618,2025-10-31 01:30:00+00:00,0.91623,0.9153,0.91723,2025-10-31 05:15:00+00:00,0.9153,sl,-92.99999999999864,2025-10-31 01:15:00+00:00,wick
AUDCAD,2025-11-04 00:00:00+00:00,long,0.91834,0.5,2025-11-04 04:30:00+00:00,0.91841,0.9173300000000001,0.91941,2025-11-04 05:30:00+00:00,0.9173300000000001,sl,-107.99999999998587,2025-11-04 04:15:00+00:00,engulf
AUDCAD,2025-11-05 00:00:00+00:00,short,0.9156629000000001,0.382,2025-11-05 04:15:00+00:00,0.91561,0.9168099999999999,0.91461,2025-11-05 05:30:00+00:00,0.9168099999999999,sl,-119.99999999998677,2025-11-05 04:00:00+00:00,engulf
AUDCAD,2025-11-06 00:00:00+00:00,long,0.91449804,0.618,2025-11-06 18:30:00+00:00,0.91466,0.91334,0.91566,2025-11-06 22:00:00+00:00,0.91334,sl,-131.99999999999878,2025-11-06 18:15:00+00:00,engulf
AUDCAD,2025-11-07 00:00:00+00:00,short,0.915995,0.5,2025-11-07 07:30:00+00:00,0.91568,0.9165,0.91468,2025-11-07 08:30:00+00:00,0.91468,tp,100.00000000000009,2025-11-07 07:15:00+00:00,wick
AUDCAD,2025-11-10 00:00:00+00:00,long,0.9122686999999999,0.382,2025-11-10 00:15:00+00:00,0.91307,0.9117400000000001,0.91407,2025-11-10 01:15:00+00:00,0.91407,tp,100.00000000000009,2025-11-10 00:00:00+00:00,wick
AUDCAD,2025-11-11 00:00:00+00:00,long,0.91499628,0.382,2025-11-11 05:30:00+00:00,0.91517,0.9144100000000001,0.91617,2025-11-11 07:30:00+00:00,0.9144100000000001,sl,-75.99999999999828,2025-11-11 05:15:00+00:00,wick
AUDCAD,2025-11-12 00:00:00+00:00,short,0.9165,1.0,2025-11-12 12:30:00+00:00,0.9163,0.9171199999999999,0.9153,2025-11-12 14:45:00+00:00,0.9153,tp,100.00000000000009,2025-11-12 12:15:00+00:00,wick
AUDCAD,2025-11-17 00:00:00+00:00,long,0.91524468,0.618,2025-11-17 01:30:00+00:00,0.9155,0.91442,0.9165,2025-11-17 02:00:00+00:00,0.91442,sl,-107.99999999999697,2025-11-17 01:15:00+00:00,engulf
AUDCAD,2025-11-20 00:00:00+00:00,long,0.909025,0.5,2025-11-20 17:30:00+00:00,0.90885,0.9076900000000001,0.90985,2025-11-20 18:00:00+00:00,0.90985,tp,100.00000000000009,2025-11-20 17:15:00+00:00,engulf
AUDCAD,2025-11-21 00:00:00+00:00,short,0.90997,0.5,2025-11-21 17:45:00+00:00,0.90998,0.9107599999999999,0.90898,2025-11-21 18:15:00+00:00,0.90898,tp,100.00000000000009,2025-11-21 17:30:00+00:00,wick
AUDCAD,2025-11-24 00:00:00+00:00,long,0.91035,0.5,2025-11-24 02:45:00+00:00,0.91085,0.9096500000000001,0.91185,2025-11-24 09:15:00+00:00,0.9096500000000001,sl,-119.99999999999788,2025-11-24 02:30:00+00:00,engulf
AUDCAD,2025-11-25 00:00:00+00:00,long,0.91111794,0.382,2025-11-25 04:30:00+00:00,0.9111,0.91024,0.9121,2025-11-25 11:15:00+00:00,0.91024,sl,-85.99999999999719,2025-11-25 04:15:00+00:00,engulf
AUDCAD,2025-11-28 00:00:00+00:00,long,0.9162950000000001,0.5,2025-11-28 06:00:00+00:00,0.91625,0.9151100000000001,0.91725,2025-11-28 09:00:00+00:00,0.9151100000000001,sl,-113.99999999999187,2025-11-28 05:45:00+00:00,engulf
AUDCAD,2025-12-01 00:00:00+00:00,long,0.91443094,0.382,2025-12-01 02:45:00+00:00,0.91513,0.91393,0.91613,2025-12-01 09:45:00+00:00,0.91613,tp,100.00000000000009,2025-12-01 02:30:00+00:00,engulf
AUDCAD,2025-12-03 00:00:00+00:00,long,0.91759974,0.382,2025-12-03 01:45:00+00:00,0.91781,0.91644,0.91881,2025-12-03 03:15:00+00:00,0.91881,tp,100.00000000000009,2025-12-03 01:30:00+00:00,engulf
AUDCAD,2025-12-08 00:00:00+00:00,long,0.9173422999999999,0.382,2025-12-08 09:45:00+00:00,0.91733,0.9166200000000001,0.91833,2025-12-08 11:45:00+00:00,0.9166200000000001,sl,-70.99999999998774,2025-12-08 09:30:00+00:00,engulf
AUDCAD,2025-12-09 00:00:00+00:00,short,0.91866,1.0,2025-12-09 04:30:00+00:00,0.91813,0.9191699999999999,0.91713,2025-12-09 04:30:00+00:00,0.9191699999999999,sl,-103.99999999999298,2025-12-09 04:15:00+00:00,wick
AUDCAD,2025-12-10 00:00:00+00:00,long,0.91841034,0.382,2025-12-10 17:30:00+00:00,0.91856,0.9177700000000001,0.91956,2025-12-10 19:00:00+00:00,0.91956,tp,100.00000000000009,2025-12-10 17:15:00+00:00,wick
AUDCAD,2025-12-11 00:00:00+00:00,long,0.91953104,0.618,2025-12-11 01:45:00+00:00,0.92003,0.91878,0.92103,2025-12-11 02:30:00+00:00,0.91878,sl,-124.99999999999733,2025-12-11 01:30:00+00:00,wick
AUDCAD,2025-12-15 00:00:00+00:00,long,0.91469938,0.382,2025-12-15 02:30:00+00:00,0.91492,0.9138700000000001,0.91592,2025-12-15 14:15:00+00:00,0.91592,tp,100.00000000000009,2025-12-15 02:15:00+00:00,wick
AUDCAD,2025-12-16 00:00:00+00:00,short,0.91479648,0.618,2025-12-16 13:45:00+00:00,0.91324,0.91555,0.91224,2025-12-16 15:15:00+00:00,0.91224,tp,100.00000000000009,2025-12-16 13:30:00+00:00,wick
AUDCAD,2025-12-17 00:00:00+00:00,short,0.912995,0.5,2025-12-17 13:15:00+00:00,0.91255,0.9135399999999999,0.91155,2025-12-17 14:30:00+00:00,0.91155,tp,100.00000000000009,2025-12-17 13:00:00+00:00,engulf
AUDCAD,2025-12-18 00:00:00+00:00,short,0.910877,0.382,2025-12-18 13:00:00+00:00,0.91081,0.9115099999999999,0.90981,2025-12-18 13:30:00+00:00,0.9115099999999999,sl,-69.99999999999228,2025-12-18 12:45:00+00:00,wick
AUDCAD,2025-12-19 00:00:00+00:00,long,0.91025676,0.618,2025-12-19 13:45:00+00:00,0.91101,0.90971,0.91201,2025-12-19 19:15:00+00:00,0.91201,tp,100.00000000000009,2025-12-19 13:30:00+00:00,engulf
AUDCAD,2025-12-21 00:00:00+00:00,long,0.9114249999999999,0.5,2025-12-21 22:30:00+00:00,0.91212,0.91005,0.91312,2025-12-21 23:45:00+00:00,0.91177,sl,-35.00000000000725,2025-12-21 22:15:00+00:00,engulf
AUDCAD,2025-12-25 00:00:00+00:00,short,0.91655442,0.382,2025-12-25 05:15:00+00:00,0.91619,0.9173899999999999,0.91519,2025-12-25 05:15:00+00:00,0.91519,tp,100.00000000000009,2025-12-25 05:00:00+00:00,wick
AUDCAD,2025-12-26 00:00:00+00:00,long,0.91595,0.5,2025-12-26 08:00:00+00:00,0.91646,0.91544,0.91746,2025-12-26 12:45:00+00:00,0.91746,tp,100.00000000000009,2025-12-26 07:45:00+00:00,engulf
AUDCAD,2025-12-28 00:00:00+00:00,long,0.917125,0.5,2025-12-28 22:45:00+00:00,0.91694,0.91586,0.91794,2025-12-28 23:45:00+00:00,0.91763,sl,68.99999999999683,2025-12-28 22:30:00+00:00,wick
AUDCAD,2025-12-29 00:00:00+00:00,long,0.9162762600000001,0.382,2025-12-29 21:00:00+00:00,0.91642,0.9155800000000001,0.91742,2025-12-29 22:00:00+00:00,0.9155800000000001,sl,-83.99999999999518,2025-12-29 20:45:00+00:00,engulf
AUDCAD,2025-12-30 00:00:00+00:00,short,0.916995,0.5,2025-12-30 02:30:00+00:00,0.91664,0.91794,0.91564,2025-12-30 04:00:00+00:00,0.91794,sl,-129.9999999999968,2025-12-30 02:15:00+00:00,engulf
AUDCAD,2025-12-31 00:00:00+00:00,long,0.91583,1.0,2025-12-31 11:45:00+00:00,0.91601,0.91495,0.91701,2025-12-31 13:00:00+00:00,0.91495,sl,-105.99999999999498,2025-12-31 11:30:00+00:00,engulf
AUDCAD,2026-01-04 00:00:00+00:00,long,0.9178649999999999,0.5,2026-01-04 22:30:00+00:00,0.91898,0.91647,0.91998,2026-01-04 23:45:00+00:00,0.91868,sl,-29.999999999996692,2026-01-04 22:15:00+00:00,engulf
AUDCAD,2026-01-05 00:00:00+00:00,long,0.91812,0.5,2026-01-05 01:45:00+00:00,0.91888,0.91703,0.91988,2026-01-05 07:00:00+00:00,0.91988,tp,100.00000000000009,2026-01-05 01:30:00+00:00,engulf
AUDCAD,2026-01-08 00:00:00+00:00,long,0.92966112,0.786,2026-01-08 08:30:00+00:00,0.92998,0.9284600000000001,0.93098,2026-01-08 10:00:00+00:00,0.9284600000000001,sl,-151.99999999999656,2026-01-08 08:15:00+00:00,engulf
AUDCAD,2026-01-13 00:00:00+00:00,long,0.9302178,0.786,2026-01-13 05:30:00+00:00,0.93042,0.9297000000000001,0.93142,2026-01-13 10:30:00+00:00,0.9297000000000001,sl,-71.99999999999429,2026-01-13 05:15:00+00:00,wick
AUDCAD,2026-01-14 00:00:00+00:00,short,0.9295150000000001,0.5,2026-01-14 06:45:00+00:00,0.92962,0.9303899999999999,0.92862,2026-01-14 10:30:00+00:00,0.92862,tp,100.00000000000009,2026-01-14 06:30:00+00:00,engulf
AUDCAD,2026-01-15 00:00:00+00:00,short,0.92868324,0.618,2026-01-15 06:45:00+00:00,0.92823,0.92924,0.92723,2026-01-15 08:15:00+00:00,0.92924,sl,-100.99999999999552,2026-01-15 06:30:00+00:00,engulf
AUDCAD,2026-01-16 00:00:00+00:00,long,0.9298326,0.382,2026-01-16 14:00:00+00:00,0.9304,0.92927,0.9314,2026-01-16 15:15:00+00:00,0.92927,sl,-112.99999999999643,2026-01-16 13:45:00+00:00,engulf
AUDCAD,2026-01-19 00:00:00+00:00,long,0.92877288,0.382,2026-01-19 00:30:00+00:00,0.92881,0.92791,0.92981,2026-01-19 00:45:00+00:00,0.92981,tp,100.00000000000009,2026-01-19 00:15:00+00:00,wick
AUDCAD,2026-01-20 00:00:00+00:00,long,0.93011254,0.382,2026-01-20 10:15:00+00:00,0.93053,0.9293300000000001,0.93153,2026-01-20 14:30:00+00:00,0.93153,tp,100.00000000000009,2026-01-20 10:00:00+00:00,engulf
AUDCAD,2026-01-26 00:00:00+00:00,short,0.94835816,0.618,2026-01-26 22:00:00+00:00,0.94713,0.9491099999999999,0.94613,2026-01-26 23:45:00+00:00,0.94802,sl,-88.99999999999463,2026-01-26 21:45:00+00:00,engulf
AUDCAD,2026-01-28 00:00:00+00:00,long,0.94982,0.5,2026-01-28 09:00:00+00:00,0.94958,0.9482200000000001,0.95058,2026-01-28 10:45:00+00:00,0.95058,tp,100.00000000000009,2026-01-28 08:45:00+00:00,wick
AUDCAD,2026-01-29 00:00:00+00:00,long,0.95064,0.5,2026-01-29 22:15:00+00:00,0.95085,0.94898,0.95185,2026-01-29 23:45:00+00:00,0.95067,sl,-17.999999999995797,2026-01-29 22:00:00+00:00,wick
AUDCAD,2026-02-02 00:00:00+00:00,long,0.94591,0.5,2026-02-02 04:15:00+00:00,0.94659,0.9452900000000001,0.94759,2026-02-02 05:45:00+00:00,0.9452900000000001,sl,-129.9999999999968,2026-02-02 04:00:00+00:00,wick
AUDCAD,2026-02-06 00:00:00+00:00,short,0.95253,0.5,2026-02-06 06:45:00+00:00,0.95219,0.9534199999999999,0.95119,2026-02-06 09:15:00+00:00,0.9534199999999999,sl,-122.99999999999532,2026-02-06 06:30:00+00:00,engulf
AUDCAD,2026-02-09 00:00:00+00:00,long,0.95969446,0.382,2026-02-09 03:45:00+00:00,0.9597,0.9589000000000001,0.9607,2026-02-09 08:00:00+00:00,0.9589000000000001,sl,-79.99999999999119,2026-02-09 03:30:00+00:00,wick
AUDCAD,2026-02-11 00:00:00+00:00,short,0.96099,1.0,2026-02-11 02:00:00+00:00,0.96052,0.9614999999999999,0.95952,2026-02-11 02:15:00+00:00,0.9614999999999999,sl,-97.99999999998698,2026-02-11 01:45:00+00:00,wick
AUDCAD,2026-02-12 00:00:00+00:00,long,0.96449988,0.382,2026-02-12 22:45:00+00:00,0.9649,0.96396,0.9659,2026-02-12 22:45:00+00:00,0.96396,sl,-93.99999999999407,2026-02-12 22:30:00+00:00,wick
AUDCAD,2026-02-13 00:00:00+00:00,short,0.9660063799999999,0.382,2026-02-13 01:45:00+00:00,0.9655,0.96653,0.9645,2026-02-13 01:45:00+00:00,0.9645,tp,100.00000000000009,2026-02-13 01:30:00+00:00,wick
